"","Nov","Div","Dit","LEA","L_A","AES","E_I","ENT","RES","EMO","I_S","PRA","O_P","MET","FAC","I_E","FAM","DEF","G_M","INT","S_S","V_S","T_M","REN","SOC","DIS","HAR","T_E"
"1",4,5,6,5,6,7,7,5,6,5,7,7,5,5,9,2,7,4,6,3,4,6,9,8,7,9,9,5
"2",7,4,5,7,9,5,6,8,7,6,7,5,4,5,7,2,0,7,4,5,9,2,6,6,7,8,6,5
"3",5,6,5,1,3,9,4,2,6,5,8,6,5,7,6,2,8,2,6,2,0,7,9,9,7,4,10,3
"4",10,9,5,8,9,8,10,8,8,5,1,5,8,6,5,6,4,3,6,7,2,2,0,6,6,3,6,1
"5",3,5,5,6,4,2,7,4,6,2,6,7,5,6,7,5,7,6,5,2,7,1,8,9,5,8,7,7
"6",7,8,8,8,6,9,6,6,6,5,13,7,5,6,6,3,4,9,3,4,8,4,11,9,10,10,9,5
"7",7,7,8,8,5,7,6,2,5,3,12,7,9,5,4,4,4,8,4,5,9,2,11,10,9,10,8,7
"8",6,6,7,9,7,6,7,4,4,7,13,7,7,5,8,3,3,8,1,3,10,1,11,11,10,8,8,7
"9",5,7,4,9,5,6,7,6,5,5,12,8,4,4,7,4,4,7,4,5,8,4,10,10,10,8,6,7
"10",7,6,6,9,6,5,8,6,6,5,11,8,4,4,6,3,4,9,5,3,8,2,9,11,10,8,10,6
"11",5,6,6,8,4,7,6,5,5,8,10,8,4,4,7,1,4,8,4,7,6,2,6,9,8,7,8,8
"12",6,6,7,7,8,9,6,5,4,5,8,6,6,4,7,4,5,8,4,3,9,4,11,10,6,8,7,4
"13",5,7,4,5,4,5,7,7,8,8,8,4,3,4,8,7,5,5,4,5,5,5,9,7,5,6,9,3
"14",6,7,8,8,5,6,4,7,5,4,9,5,4,6,8,3,5,7,2,4,8,4,9,8,6,9,7,5
"15",6,7,5,6,6,7,7,3,6,7,12,5,3,3,7,5,0,6,4,4,8,3,8,7,7,8,6,5
"16",4,8,6,4,6,7,10,5,5,4,4,6,6,6,5,0,7,5,8,6,5,4,9,8,9,6,11,5
"17",6,6,3,7,5,7,6,5,8,7,9,7,4,5,6,4,7,4,4,6,7,7,9,9,6,6,12,9
"18",9,4,7,3,4,2,6,5,7,4,9,7,3,6,4,5,6,5,4,7,6,5,5,6,7,8,6,7
"19",7,8,9,7,7,5,8,5,6,6,10,8,6,5,4,2,8,9,3,5,7,3,9,11,10,10,11,8
"20",6,7,7,9,7,8,7,5,6,6,14,6,6,6,8,3,4,10,2,4,10,2,11,10,8,10,8,6
"21",3,4,3,6,5,4,6,6,2,5,9,5,4,6,5,3,6,4,2,5,6,3,7,6,6,5,6,5
"22",4,5,7,5,5,6,7,5,5,6,7,8,6,3,3,4,3,5,5,5,2,5,8,1,5,5,10,4
"23",5,9,5,6,6,9,7,3,2,4,12,6,6,6,4,2,5,5,3,4,5,7,9,10,5,6,9,7
"24",5,5,5,6,5,6,8,5,8,7,8,8,5,7,9,5,3,6,6,5,6,5,11,7,5,8,10,5
"25",1,5,8,3,5,5,8,3,6,2,6,7,7,5,6,3,10,7,5,4,3,2,11,11,8,9,11,8
"26",1,4,7,5,5,6,4,5,5,4,6,8,5,3,6,3,8,5,2,6,4,4,10,10,6,8,9,7
"27",5,8,5,3,5,4,10,4,6,1,3,7,8,6,5,1,7,2,8,6,5,7,8,9,5,6,10,5
"28",6,7,8,9,7,9,7,7,5,6,13,7,6,5,10,2,4,10,2,3,10,3,8,9,10,9,8,6
"29",8,8,8,2,8,8,7,4,7,5,7,8,5,6,3,3,8,3,10,2,5,5,13,9,6,9,12,5
"30",6,7,7,3,3,6,6,6,6,6,7,8,7,8,6,3,5,9,4,4,6,4,7,6,8,8,6,5
"31",4,5,6,6,6,3,6,3,5,3,12,6,5,6,5,3,1,7,2,2,9,5,11,10,7,8,8,6
"32",6,4,5,10,8,8,6,5,6,3,15,6,5,5,8,3,4,7,6,4,8,6,9,8,5,7,7,8
"33",2,5,7,4,5,5,9,3,6,3,5,7,5,8,8,2,10,2,5,6,1,7,7,10,10,8,13,7
"34",6,4,7,8,3,4,8,4,3,7,9,7,5,6,9,1,6,8,3,8,6,1,7,9,6,7,8,4
"35",9,8,9,5,6,5,8,8,6,0,6,8,6,6,2,3,7,4,6,9,4,9,6,8,8,8,12,5
"36",7,5,6,4,3,5,7,7,6,4,6,4,5,6,3,6,6,3,4,5,6,6,6,5,6,5,9,6
"37",6,7,8,3,5,2,7,4,7,2,9,8,8,7,3,2,7,5,5,9,4,5,8,4,5,6,9,4
"38",8,6,6,9,9,7,7,8,4,3,6,9,7,8,5,5,7,5,9,5,6,5,14,9,10,9,12,7
"39",2,5,5,6,4,4,6,5,6,3,8,8,5,5,6,6,7,4,5,3,7,4,9,11,6,6,5,7
"40",6,6,7,8,6,8,7,5,6,7,12,8,6,5,8,3,4,8,3,3,9,2,10,9,10,9,9,7
"41",4,5,4,3,7,6,6,8,6,2,4,5,8,7,4,4,9,3,8,3,3,6,5,6,5,4,10,3
"42",7,8,6,3,6,4,6,3,6,6,7,6,7,6,6,3,5,5,3,6,5,7,10,8,10,9,12,7
"43",6,8,7,6,5,6,9,8,7,1,4,10,6,8,5,7,9,4,8,5,5,10,6,10,6,5,12,4
"44",8,8,8,8,5,7,5,7,6,5,7,7,8,5,8,1,8,5,8,6,5,3,8,9,8,7,9,2
"45",2,7,6,5,6,6,4,5,5,5,10,7,6,5,5,7,4,2,4,2,6,5,7,8,6,5,6,7
"46",5,7,8,4,5,5,4,7,5,2,13,6,4,4,6,3,2,7,4,4,7,3,6,9,8,7,7,5
"47",6,7,9,7,9,6,8,4,5,4,6,8,5,7,6,2,9,7,2,3,6,3,10,11,7,11,10,7
"48",4,6,8,2,4,6,5,5,7,3,9,7,5,8,5,5,5,6,3,3,7,2,11,8,9,9,8,4
"49",7,7,8,7,8,5,7,5,7,9,12,7,4,5,7,1,5,8,1,3,6,3,8,6,8,6,8,5
"50",6,5,6,5,4,5,8,8,7,0,2,10,8,9,5,6,6,3,9,8,2,9,9,9,7,3,11,6
"51",7,8,8,3,5,8,3,2,7,2,2,7,4,6,8,3,8,3,5,3,4,4,5,8,7,9,12,4
"52",6,4,5,6,7,2,7,3,5,5,13,7,4,8,6,6,3,7,6,5,4,4,8,6,3,4,8,6
"53",2,6,4,2,6,3,5,5,7,2,5,10,6,7,5,3,7,1,7,8,4,10,7,8,8,3,12,5
"54",6,3,6,3,5,6,9,2,6,6,8,7,4,5,4,1,9,5,4,5,1,6,13,8,11,9,9,7
"55",5,4,3,3,2,2,5,7,6,6,4,6,3,3,1,5,6,2,9,5,2,8,8,7,7,2,9,5
"56",9,7,7,6,7,4,9,6,8,2,4,8,7,7,4,5,10,5,7,6,3,6,7,9,11,6,10,1
"57",6,9,2,4,8,3,8,8,8,2,1,12,9,4,3,5,8,1,8,10,3,9,6,9,7,4,11,6
"58",6,5,7,4,9,4,7,6,6,6,12,5,6,6,5,6,4,5,5,2,6,4,5,5,6,7,10,5
"59",8,8,7,10,8,7,10,8,6,3,5,10,7,6,5,4,9,6,6,6,4,7,10,10,8,8,14,3
"60",6,8,7,6,7,5,9,2,6,6,10,3,4,2,4,2,6,6,5,4,5,3,11,9,9,7,10,5
"61",5,5,5,4,5,4,3,4,3,5,10,7,3,2,7,6,7,8,3,5,7,6,10,8,5,10,9,3
"62",5,6,7,6,7,6,7,7,4,5,10,6,7,8,6,7,5,4,4,6,3,6,8,3,7,4,7,6
"63",5,6,5,4,3,4,4,5,8,5,8,9,4,5,3,5,5,6,4,6,6,4,8,7,5,7,8,2
"64",6,8,6,2,3,5,8,5,6,4,6,6,5,7,4,0,8,5,6,9,6,6,8,8,8,6,10,4
"65",8,6,6,10,6,5,7,7,8,1,4,12,10,7,6,7,9,4,8,7,5,7,11,9,9,9,10,6
"66",4,7,6,7,3,7,7,5,4,6,10,7,4,4,7,3,7,7,1,3,9,2,10,11,11,8,5,6
"67",5,6,7,8,4,6,4,5,3,6,10,7,4,7,7,3,3,5,4,4,6,4,9,6,5,9,7,8
"68",5,8,7,5,3,3,5,4,7,2,9,4,4,4,4,4,4,6,5,4,4,5,9,9,7,5,8,9
"69",1,3,2,2,2,3,0,2,2,1,8,7,7,3,3,6,8,2,9,6,4,9,11,9,6,6,9,8
"70",8,8,6,6,9,2,8,7,10,1,1,11,9,8,4,6,10,0,7,7,4,10,10,9,9,7,11,7
"71",5,6,7,6,7,5,8,4,6,2,10,4,4,6,4,3,9,2,5,5,3,7,12,8,8,10,12,4
"72",4,5,5,1,4,4,4,2,2,8,11,6,3,9,4,6,6,6,6,5,3,5,11,7,5,6,13,3
"73",2,6,5,3,6,6,5,4,5,4,10,6,5,4,6,3,7,2,7,1,5,5,9,10,6,7,9,7
"74",1,5,5,0,3,5,7,5,6,5,11,9,6,3,6,4,9,1,7,2,1,5,8,9,10,5,8,4
"75",6,6,4,5,7,4,5,8,5,6,13,5,6,6,6,4,5,3,8,8,4,4,7,7,6,6,5,3
"76",5,4,6,7,5,8,6,2,5,5,9,6,3,3,7,5,3,9,3,4,6,4,8,9,8,8,6,6
"77",6,3,4,7,6,5,8,6,5,7,12,6,6,7,5,5,3,6,2,4,7,2,5,6,8,8,6,6
"78",10,6,8,8,8,6,7,9,9,5,4,11,6,8,4,8,7,4,9,7,8,8,7,10,9,8,11,7
"79",10,9,10,8,10,9,9,8,8,3,1,7,9,9,3,4,7,1,8,9,5,10,5,11,11,6,13,4
"80",5,6,3,6,4,3,7,7,4,3,11,9,4,4,5,2,8,2,5,6,4,5,12,10,7,6,8,7
"81",6,8,4,9,4,5,2,3,5,4,9,8,4,5,5,4,2,8,4,5,7,4,8,5,8,8,4,4
"82",7,6,6,7,6,6,7,4,4,4,9,8,7,5,5,6,3,3,8,5,6,3,7,7,1,6,10,5
"83",9,6,6,8,4,9,5,6,6,8,5,6,4,2,4,4,5,3,8,9,3,8,2,8,9,6,11,5
"84",4,8,7,4,4,1,8,2,8,6,6,6,7,7,7,4,7,3,5,3,3,6,8,10,8,5,9,4
"85",8,6,7,5,9,6,8,5,5,4,3,9,6,6,5,4,8,2,9,7,2,7,7,8,4,4,10,5
"86",8,10,7,5,6,6,8,4,5,5,5,12,6,5,3,3,9,1,8,8,5,8,10,9,9,8,14,6
"87",7,8,6,8,7,3,9,4,4,5,7,5,2,5,5,6,8,4,5,8,2,7,10,10,10,7,9,5
"88",9,10,9,9,8,6,9,7,4,3,4,10,7,4,2,6,10,0,10,10,6,10,2,7,9,2,13,4
"89",0,0,1,1,3,2,4,0,9,6,7,10,2,8,6,3,9,1,7,8,3,6,13,10,7,9,10,10
"90",5,5,2,7,8,5,6,4,6,2,10,8,6,4,5,5,5,6,5,7,5,6,9,5,7,8,6,4
"91",9,7,7,8,8,7,8,6,5,10,7,7,3,6,8,1,2,5,5,7,6,8,4,10,10,6,12,5
"92",3,9,3,4,8,3,6,9,10,6,3,9,7,5,3,1,8,2,7,9,4,10,8,10,10,8,11,6
"93",4,10,3,7,7,8,7,6,7,4,0,8,6,4,4,6,9,2,8,10,2,9,6,7,7,7,12,5
"94",5,5,3,7,8,5,7,6,6,2,12,8,5,3,5,6,5,7,6,8,5,6,10,6,7,8,6,4
"95",5,6,5,2,6,4,6,4,9,3,8,8,10,6,5,4,9,2,10,7,2,9,7,8,7,8,10,7
"96",9,7,9,7,9,4,8,3,5,2,2,10,8,7,4,6,8,2,7,8,4,9,5,10,9,7,14,7
"97",9,5,3,6,5,6,9,7,7,2,6,9,8,4,4,9,9,1,7,8,2,8,6,9,6,3,9,7
"98",9,8,4,8,9,8,9,8,8,1,2,9,6,7,5,7,9,3,6,7,6,8,7,9,9,8,12,5
"99",10,8,7,9,8,7,5,6,8,6,3,10,3,6,5,4,9,1,8,6,8,10,7,12,11,9,13,9
"100",9,9,9,9,7,7,9,6,7,5,2,9,6,4,10,2,9,3,8,7,3,5,6,12,10,5,12,4
"101",7,7,6,7,8,3,6,4,4,4,8,7,1,7,5,5,9,1,9,5,1,8,4,10,9,6,9,8
"102",10,9,8,10,6,7,7,4,7,3,4,8,8,4,7,7,8,2,7,8,7,6,3,9,9,6,10,3
"103",5,3,6,4,5,7,3,3,6,3,12,4,4,3,5,7,6,7,4,3,4,4,9,8,6,3,4,2
"104",6,3,4,2,6,4,4,3,5,5,6,5,6,4,5,7,10,3,9,6,1,9,9,10,8,7,10,5
"105",10,7,9,5,8,7,6,6,7,4,5,9,5,7,6,7,8,1,6,3,7,9,10,10,10,6,13,4
"106",5,6,5,4,4,3,7,5,4,4,7,6,7,7,4,1,9,1,6,5,4,5,5,9,7,4,12,4
"107",7,10,8,9,10,6,8,9,8,5,0,8,7,8,6,7,8,0,9,7,2,9,3,11,10,3,12,7
"108",10,8,10,8,10,5,10,4,1,8,3,9,8,5,6,7,8,4,6,8,2,10,6,12,8,9,10,6
"109",7,4,7,7,7,3,8,7,9,2,2,8,6,8,8,7,9,3,7,7,5,3,6,9,8,3,9,4
"110",3,5,6,6,5,6,7,9,5,2,8,7,5,8,2,6,6,7,4,7,6,7,6,10,6,8,10,7
"111",4,7,7,7,6,3,4,8,6,5,6,8,5,9,4,7,8,2,7,6,7,7,4,8,5,4,7,4
"112",7,7,6,8,5,5,6,6,5,6,6,8,4,5,5,5,6,4,6,7,4,7,6,10,9,8,8,4
"113",7,4,6,4,4,6,7,7,6,6,9,6,5,3,7,7,7,6,5,5,5,8,12,7,7,10,12,7
"114",5,8,6,5,4,6,6,3,6,8,7,6,3,6,6,7,7,0,7,8,3,5,4,9,8,8,11,4
"115",6,7,4,3,5,6,6,3,7,7,5,7,5,5,6,7,8,1,6,7,5,7,8,9,8,7,7,5
"116",4,8,5,4,3,3,1,2,6,8,9,9,3,2,5,5,2,2,7,9,2,8,1,10,7,4,10,7
"117",8,9,10,10,7,5,9,9,6,5,1,11,8,3,3,7,9,0,9,10,1,10,5,9,8,4,11,8
"118",4,6,2,1,4,4,7,3,5,9,9,3,4,6,8,1,5,3,7,7,2,7,6,7,10,4,11,1
"119",9,9,8,7,7,8,9,3,2,3,5,5,4,5,7,8,7,2,8,9,3,6,4,8,10,2,9,7
"120",9,7,5,6,8,9,4,8,7,3,1,7,7,4,2,8,9,0,9,9,4,9,1,9,7,3,10,6
"121",8,9,2,0,5,7,5,0,2,10,11,4,2,3,10,1,5,2,7,4,1,5,9,10,9,5,11,7
"122",3,9,6,5,4,6,7,6,8,2,5,9,9,3,5,6,8,1,9,8,4,9,8,9,10,6,12,5
"123",5,7,6,1,5,7,1,2,4,4,7,5,5,2,10,4,8,5,5,8,5,6,10,10,8,5,12,5
"124",7,6,6,7,7,6,6,6,8,3,4,7,5,3,5,4,4,5,6,6,5,8,10,9,8,5,13,6
"125",6,6,7,5,8,9,4,4,10,4,7,6,6,7,8,3,9,5,9,4,5,8,9,11,11,5,13,6
"126",8,9,9,9,7,8,8,8,9,1,1,11,10,8,3,9,9,1,10,10,4,10,4,5,9,6,11,9
"127",8,8,8,5,6,7,8,5,5,9,6,5,6,4,6,6,4,7,4,6,9,7,4,10,6,6,9,6
"128",8,8,8,3,6,4,8,3,6,6,4,10,7,2,8,6,8,3,7,10,3,10,6,12,7,3,12,6
"129",3,8,8,1,6,6,7,8,9,1,5,7,4,9,7,6,9,0,7,5,3,9,10,7,11,7,12,5
"130",7,4,5,2,8,3,4,5,9,0,1,11,6,10,3,5,9,3,9,8,3,9,10,10,9,8,11,7
"131",8,8,7,7,8,9,8,6,8,3,3,9,5,6,4,6,9,2,9,6,6,9,12,10,9,7,14,6
"132",6,7,8,9,7,3,9,9,6,5,0,11,9,5,2,7,8,1,9,7,3,9,8,9,10,7,9,4
"133",5,6,7,1,6,5,9,8,10,2,3,11,8,8,3,7,8,2,8,7,4,9,10,9,8,8,12,8
"134",8,7,4,8,4,5,4,5,4,6,11,9,3,6,6,4,4,5,2,5,9,3,11,6,8,8,10,7
"135",8,8,8,9,4,8,6,2,5,5,13,6,4,5,7,2,5,6,2,3,8,2,8,7,7,10,8,6
"136",5,8,8,4,7,6,4,1,4,5,12,7,4,5,9,2,4,8,4,1,6,7,9,11,9,5,14,9
"137",6,6,5,5,5,2,6,7,6,4,9,7,6,4,7,7,4,6,6,5,5,8,9,7,7,2,9,5
"138",7,9,8,6,8,5,8,6,7,5,1,8,8,5,4,9,9,3,10,8,1,10,6,10,10,4,13,5
"139",8,8,8,7,8,8,6,7,4,6,4,6,5,4,6,8,8,1,10,7,4,9,5,9,9,6,9,6
"140",7,8,8,7,6,7,8,4,5,8,10,7,5,6,10,3,4,7,2,5,7,6,4,10,9,6,10,1
"141",8,10,10,6,9,10,9,9,10,2,1,8,6,10,7,6,9,0,8,8,0,10,8,11,10,5,13,8
"142",3,4,4,3,4,3,6,5,5,7,7,6,5,6,3,6,8,4,6,2,3,6,5,9,8,2,11,6
"143",4,4,4,3,3,2,0,3,7,3,4,7,7,6,7,3,7,5,6,3,3,6,9,12,8,7,10,7
"144",3,4,3,0,4,7,3,3,4,7,11,7,1,4,9,2,8,3,7,3,1,6,10,7,6,5,6,7
"145",5,7,6,2,7,5,6,3,4,8,10,7,5,5,8,5,5,8,2,3,3,4,9,9,9,8,7,6
"146",5,7,7,4,3,3,4,4,6,6,8,8,5,5,8,7,9,4,9,4,6,9,8,7,6,4,7,5
"147",8,8,7,10,6,7,7,9,4,5,4,9,5,6,7,9,7,8,4,4,4,7,11,8,10,10,11,7
"148",6,9,5,5,5,8,5,6,7,6,3,7,4,4,4,8,8,2,6,8,4,10,7,10,6,6,12,7
"149",7,8,6,6,5,2,3,6,3,5,6,7,3,5,6,4,8,6,7,4,3,3,9,11,10,7,11,6
"150",4,8,7,6,5,6,4,4,5,3,10,7,4,5,7,7,8,4,4,4,5,8,5,9,7,8,9,5
"151",6,5,3,3,4,5,6,2,4,5,9,7,3,6,4,4,8,3,9,5,4,10,11,12,10,7,12,6
"152",8,8,6,3,8,5,6,6,9,2,4,9,6,8,5,4,8,2,7,6,6,10,13,9,9,8,13,10
"153",7,10,6,6,3,9,7,7,5,4,4,10,8,3,4,6,5,2,10,9,4,7,6,9,10,4,11,7
"154",6,9,5,3,6,7,9,7,7,5,7,7,8,5,4,6,8,2,4,9,5,7,5,8,7,5,11,4
"155",7,4,6,3,5,2,4,4,4,5,10,6,5,3,6,8,5,6,6,7,5,6,5,11,8,5,9,8
"156",1,5,4,2,1,1,3,2,6,4,13,6,5,3,6,5,7,3,9,4,3,9,6,10,5,6,12,5
"157",9,6,5,6,9,8,6,6,7,1,6,9,7,8,5,7,9,3,9,5,5,8,5,7,7,4,11,6
"158",10,6,8,5,9,8,7,7,10,3,1,10,6,6,5,4,9,3,6,7,4,9,6,11,7,6,12,8
"159",7,8,8,3,4,7,9,8,10,0,4,10,8,8,3,6,6,0,8,8,3,9,10,6,10,8,12,8
"160",8,5,5,4,9,5,6,8,9,2,4,8,4,6,4,3,8,1,7,6,3,10,9,9,9,7,12,5
"161",7,4,8,6,10,0,6,5,7,4,8,8,3,5,6,4,7,6,4,3,7,8,5,7,9,8,7,7
"162",8,8,9,9,7,6,8,7,9,0,3,11,8,9,4,6,9,1,8,4,5,9,9,11,9,11,12,6
"163",7,3,2,4,4,5,8,3,5,6,7,5,5,5,5,5,5,2,8,1,3,3,7,7,5,5,8,3
"164",4,5,4,3,7,6,3,4,6,2,7,5,6,7,4,6,0,5,4,2,3,4,8,6,3,6,8,5
"165",7,8,8,6,6,3,6,5,5,1,2,8,7,6,8,7,8,2,10,8,3,9,4,8,6,4,11,8
"166",5,8,5,9,5,4,5,8,7,6,5,5,7,6,7,6,7,4,7,2,5,5,5,9,7,7,10,5
"167",5,4,3,6,6,5,9,4,5,4,7,8,6,6,4,2,6,6,6,4,4,6,9,5,6,6,7,9
"168",3,4,5,0,5,3,3,5,4,2,5,9,8,6,5,6,8,1,7,6,1,6,7,10,5,5,10,5
"169",7,3,5,5,7,6,6,4,5,6,11,6,6,5,6,5,6,7,6,6,5,3,5,8,5,4,9,7
"170",7,5,5,2,6,4,6,6,8,4,8,4,7,2,2,6,4,4,2,5,4,5,8,2,6,6,5,4
"171",5,4,4,8,6,6,4,4,6,7,9,5,5,6,4,8,8,4,6,3,2,3,6,6,5,8,8,6
"172",6,8,7,4,4,5,7,3,7,5,7,6,3,5,9,5,6,9,7,3,3,4,10,9,8,7,12,8
"173",4,7,3,6,6,6,7,8,5,4,7,6,6,5,6,6,7,3,9,4,1,4,7,4,8,2,9,6
"174",5,2,7,5,6,5,5,6,2,8,8,6,4,4,7,5,5,3,6,6,7,2,7,8,3,7,6,7
"175",3,5,3,2,6,3,3,5,5,3,6,8,8,4,3,7,5,1,7,4,2,8,8,6,5,2,11,8
"176",4,4,6,6,4,6,2,4,4,3,10,6,8,8,6,6,7,2,4,4,9,2,8,3,7,6,10,7
"177",3,5,3,1,6,3,3,5,7,3,6,8,8,4,3,7,5,2,7,5,2,8,6,5,5,2,11,8
"178",5,3,7,4,7,3,5,5,7,8,11,7,5,5,4,4,5,5,5,6,4,4,9,5,4,5,6,7
"179",4,7,7,6,5,4,6,5,6,5,12,5,5,5,9,4,5,6,4,4,3,7,7,6,7,6,7,4
"180",5,5,6,5,5,4,5,4,3,8,6,6,4,9,5,6,5,6,6,7,6,6,6,4,5,5,5,6
"181",7,7,5,3,7,3,4,3,6,5,8,6,6,7,5,3,6,7,7,5,4,5,6,3,4,6,4,7
"182",4,5,5,6,5,4,4,2,5,2,9,5,3,8,6,4,5,6,4,7,4,4,7,5,5,6,5,7
"183",8,9,5,5,7,5,9,6,3,7,12,6,3,2,6,3,7,3,8,8,3,4,5,11,6,5,7,1
"184",7,7,6,3,5,3,9,4,4,6,7,4,2,6,7,6,9,3,7,7,2,8,7,8,7,6,9,5
"185",4,7,7,7,5,6,8,4,5,4,10,7,7,4,5,5,6,4,8,4,8,8,7,10,8,7,11,5
"186",4,6,7,6,4,4,6,2,7,6,10,3,3,5,5,7,6,6,4,6,5,5,5,5,5,4,4,5
"187",2,5,3,6,6,7,5,4,4,4,14,5,5,6,6,3,7,5,6,4,6,6,8,4,5,6,8,4
"188",5,3,5,3,7,3,7,6,8,6,10,9,3,7,6,3,4,8,6,4,6,5,5,4,6,4,7,5
"189",6,1,6,6,2,3,5,3,3,5,8,3,7,7,5,5,2,4,4,5,5,4,6,7,8,6,5,4
"190",4,7,7,6,5,6,8,4,5,4,10,7,7,4,5,6,6,4,8,4,8,8,7,10,8,7,11,5
"191",6,5,5,7,5,7,7,4,3,5,7,4,7,5,4,2,3,6,6,5,5,3,7,4,5,5,5,7
"192",9,10,8,10,8,5,8,10,9,2,1,10,9,6,8,6,10,2,8,10,1,7,9,11,11,4,13,4
"193",4,5,2,4,5,3,6,5,5,6,9,11,5,7,6,1,6,8,4,6,2,5,7,6,5,3,7,3
"194",3,4,3,3,1,1,4,5,7,2,3,10,5,4,5,7,8,0,9,7,1,9,4,6,5,2,10,6
"195",7,7,9,5,5,9,5,7,6,6,5,10,6,7,7,3,8,7,7,6,9,6,7,11,10,8,11,5
"196",7,7,4,5,5,4,6,4,5,4,8,5,3,7,5,5,7,5,5,3,5,4,9,5,7,8,6,7
"197",8,4,4,5,7,7,5,6,1,7,7,4,3,6,3,5,6,4,3,5,8,4,6,8,5,7,4,7
"198",3,7,4,7,5,4,9,5,6,6,10,9,5,5,8,5,7,6,3,7,6,6,4,8,7,3,10,5
"199",3,6,5,4,6,6,7,3,5,7,11,8,2,4,4,7,4,5,4,7,7,7,6,5,6,7,9,5
"200",6,5,7,6,5,4,6,8,9,4,4,9,9,9,2,5,8,0,8,7,6,6,11,7,6,7,11,3
"201",8,5,6,5,4,3,5,4,4,5,12,5,3,7,6,7,5,7,4,4,7,4,8,6,8,8,8,7
"202",5,7,8,8,6,3,4,5,6,5,8,4,3,4,7,3,5,3,6,4,7,2,6,4,8,7,9,3
"203",6,5,6,8,5,4,6,9,10,5,4,9,9,9,3,4,7,0,8,8,6,5,11,8,7,7,10,4
"204",5,5,4,6,5,6,4,5,6,6,9,6,3,7,6,4,5,7,4,7,3,3,8,3,3,6,6,2
"205",9,9,9,10,7,5,10,9,7,6,2,9,9,5,7,3,9,1,8,7,1,9,10,10,9,10,14,6
"206",8,6,7,7,6,5,9,7,8,7,3,9,9,4,6,5,9,4,8,9,1,9,9,10,9,6,13,7
"207",6,7,3,5,3,6,6,7,5,3,12,9,5,5,7,2,7,3,6,5,5,6,11,4,7,7,11,7
"208",3,5,2,1,5,4,2,3,8,1,3,11,7,6,6,5,9,3,8,4,4,9,9,10,8,9,14,7
"209",5,5,4,3,3,3,3,3,0,7,9,8,4,5,6,1,5,7,7,3,5,5,12,9,10,7,8,4
"210",7,7,5,8,6,3,8,7,5,3,2,10,8,4,7,5,9,5,9,3,4,9,7,11,9,10,10,3
"211",10,9,8,5,9,8,8,7,8,4,3,11,8,3,7,3,9,5,7,8,9,10,7,10,8,6,10,6
"212",7,6,6,3,5,3,7,5,1,9,10,5,4,2,10,2,5,7,7,5,3,8,7,10,7,4,9,4
"213",2,3,1,0,7,4,0,6,10,2,3,10,6,9,6,5,7,2,7,4,8,8,9,11,4,9,10,6
"214",8,3,5,3,6,7,7,6,6,5,10,5,4,3,7,4,3,6,5,6,4,4,7,7,9,7,8,6
"215",5,6,4,4,6,7,8,6,5,3,8,4,4,6,1,7,5,5,4,5,5,8,11,4,4,6,5,4
"216",6,4,6,9,7,8,6,3,5,6,12,8,3,6,8,2,6,10,1,2,7,1,12,10,9,10,10,7
"217",4,7,7,8,6,5,5,5,3,6,11,5,6,6,7,2,5,9,2,4,7,4,8,9,9,9,11,6
"218",6,7,8,7,7,8,5,3,4,5,10,7,4,7,8,2,4,7,4,3,9,5,11,7,7,10,9,8
"219",2,8,9,4,4,6,7,7,5,3,6,9,6,8,3,2,8,2,9,9,9,9,9,10,10,10,13,9
"220",10,10,9,8,10,5,10,10,9,2,0,12,10,9,6,6,9,1,10,10,5,9,5,11,10,5,12,3
"221",9,6,10,2,9,9,5,6,7,4,1,7,6,9,5,6,10,0,10,9,3,10,6,11,11,6,11,7
"222",6,2,6,7,3,5,5,3,6,4,10,5,6,5,9,4,4,7,3,8,5,4,11,7,5,7,6,6
"223",5,5,5,6,5,8,4,7,7,6,10,7,6,5,6,6,3,8,4,4,7,5,7,7,6,5,9,9
"224",5,6,6,3,7,2,7,2,7,3,3,8,8,6,5,6,8,1,10,8,4,10,8,9,11,7,14,5
"225",7,4,2,6,4,1,8,4,1,1,6,2,9,4,6,0,5,6,6,8,5,4,8,8,6,6,8,2
"226",6,6,4,6,5,8,5,5,6,6,12,6,3,5,6,4,5,8,5,3,8,6,6,8,9,6,9,6
"227",7,9,5,6,8,9,10,7,7,5,3,9,9,7,5,4,9,5,8,5,2,4,10,9,8,5,10,1
"228",5,4,6,7,6,4,4,2,5,4,9,10,3,5,6,4,9,7,3,6,8,2,11,10,9,9,9,5
"229",6,7,5,8,6,5,9,5,2,6,8,6,3,7,9,5,4,6,6,5,4,6,8,10,8,8,9,6
"230",5,9,9,8,8,5,8,4,6,3,6,7,7,6,8,6,9,3,8,7,6,5,10,8,9,8,9,9
"231",7,7,7,8,7,3,6,4,7,2,7,7,6,4,8,6,6,6,3,1,6,5,11,11,11,11,12,7
"232",7,5,3,4,5,6,3,4,6,5,5,9,6,7,4,6,9,0,9,9,0,8,4,9,7,1,14,5
"233",6,9,4,7,6,8,9,4,6,5,6,8,7,6,10,3,9,3,5,6,5,7,7,12,11,7,12,5
"234",7,8,6,10,6,5,7,4,3,4,7,7,5,5,9,1,6,6,5,8,6,5,7,10,8,9,9,7
"235",3,3,5,8,3,4,5,3,6,6,7,7,4,7,6,3,6,4,4,7,5,7,7,9,9,8,7,6
"236",7,6,8,7,6,5,8,6,6,2,7,6,7,7,8,4,9,6,6,6,5,5,7,8,10,5,10,5
"237",4,8,6,2,4,2,6,8,6,3,5,10,7,5,2,3,7,2,8,6,6,10,7,10,7,8,13,8
"238",8,8,5,9,5,5,10,4,2,9,7,2,5,4,8,5,8,8,6,3,2,4,9,10,10,5,9,3
"239",5,6,7,9,6,6,7,3,6,5,12,8,8,6,8,2,6,10,2,4,7,6,10,10,10,10,10,5
"240",10,10,5,10,2,4,10,7,3,7,4,5,5,4,10,5,7,5,7,8,4,8,2,10,8,5,6,3
"241",5,6,5,6,7,5,5,7,6,7,6,6,3,3,7,3,5,8,2,3,7,4,7,8,5,6,10,6
"242",7,7,7,9,8,4,8,2,3,3,10,8,5,4,8,2,7,7,4,5,9,4,10,11,9,9,8,6
"243",8,8,9,5,7,5,6,6,5,7,7,9,3,5,5,5,6,3,7,10,6,8,5,9,7,7,11,8
"244",4,6,7,5,4,5,4,8,4,6,10,7,4,7,7,6,4,7,6,7,7,5,9,8,8,6,10,3
"245",7,6,5,6,8,4,6,5,6,5,6,9,8,4,7,4,4,6,4,3,7,6,8,7,4,6,7,5
"246",5,6,7,5,4,4,8,4,7,5,6,10,2,5,4,5,5,3,3,5,4,7,8,6,4,6,5,5
"247",2,8,8,8,4,7,5,2,7,7,6,6,4,7,5,5,5,2,5,6,5,5,6,9,7,10,11,7
"248",5,6,3,4,3,8,8,5,6,3,7,9,3,7,7,5,7,2,5,4,6,6,6,8,4,4,7,6
"249",6,1,7,4,4,7,5,6,6,5,7,6,1,6,4,5,7,5,2,6,7,4,6,9,8,6,6,3
"250",6,6,6,6,4,4,2,4,2,7,11,5,5,7,6,4,6,5,5,5,5,3,7,6,3,6,4,4
"251",5,3,3,1,5,2,0,5,9,1,5,11,7,6,8,3,9,3,8,5,4,8,12,10,6,6,11,7
"252",5,3,5,7,6,4,3,4,5,6,7,8,5,8,7,5,2,4,4,6,6,5,7,7,4,6,5,8
"253",3,6,7,5,6,4,6,6,2,6,10,9,5,7,9,5,5,7,5,7,7,3,10,8,9,9,7,4
"254",5,8,6,8,8,7,8,7,5,4,4,11,7,8,5,8,10,4,8,6,3,8,6,11,10,6,9,4
"255",9,8,7,5,8,4,6,7,6,3,1,10,7,6,6,6,9,0,8,6,1,9,8,7,6,8,12,7
"256",8,5,6,8,5,8,6,9,5,6,2,5,9,6,4,3,6,5,7,5,7,8,7,6,6,8,10,4
"257",4,4,1,2,2,3,5,5,4,0,9,11,6,6,9,7,10,4,7,8,2,10,10,8,6,8,12,5
"258",8,6,8,5,7,5,10,7,10,0,1,11,8,9,4,5,9,2,7,9,3,9,7,9,7,6,13,7
"259",6,4,8,6,4,7,5,3,3,5,7,10,7,4,4,5,7,6,6,4,6,6,10,10,4,7,8,3
"260",8,7,6,3,6,4,3,3,4,5,7,7,5,8,8,5,8,1,8,7,6,9,9,11,8,3,11,9
"261",5,4,3,4,7,2,8,6,5,3,4,11,7,8,4,2,9,2,6,7,3,10,6,8,6,5,11,4
"262",6,4,5,5,6,2,6,5,6,2,10,6,5,7,3,6,6,3,7,7,4,6,10,9,7,4,5,5
"263",5,8,3,5,3,6,4,4,8,5,2,8,3,5,5,5,7,2,9,5,2,4,8,2,4,3,10,3
"264",8,6,9,8,6,4,5,5,10,1,3,10,9,9,6,3,8,2,6,4,5,4,9,8,9,11,12,8
"265",6,7,5,6,5,8,7,7,7,3,3,7,8,6,5,6,8,2,5,8,4,6,8,8,8,3,12,5
"266",9,8,8,8,6,3,10,7,8,3,1,7,8,9,7,5,9,8,4,5,4,3,9,7,10,8,11,2
"267",1,5,5,4,2,1,8,2,7,5,7,10,4,9,5,6,9,4,8,9,1,8,11,9,8,8,12,9
"268",8,5,8,5,4,6,8,8,7,2,7,7,9,8,9,4,6,3,9,5,7,9,9,7,9,7,11,7
"269",9,7,6,8,7,9,8,7,7,4,9,6,7,6,7,1,6,5,5,6,6,3,11,10,10,7,7,2
"270",3,5,3,4,3,3,5,6,7,7,7,4,6,2,3,8,8,3,8,4,2,6,7,5,3,2,9,7
"271",5,6,5,8,5,4,4,3,5,8,7,6,3,3,5,2,5,8,3,2,4,6,8,3,8,10,9,4
"272",4,4,4,4,3,2,8,7,3,4,11,7,7,5,4,7,5,3,6,5,2,5,7,7,3,4,5,3
"273",4,6,5,6,4,6,2,7,7,6,8,4,7,5,7,3,8,5,7,7,5,6,7,7,3,2,7,3
"274",4,2,4,3,3,3,5,6,5,4,7,7,5,6,5,6,4,1,8,7,2,5,9,7,2,2,5,6
"275",4,2,3,4,5,4,5,6,5,3,7,4,6,3,2,6,3,4,8,6,2,4,6,3,6,5,7,3
"276",3,3,5,3,3,3,6,4,2,4,7,7,4,4,4,8,4,5,4,4,5,6,9,2,5,5,8,3
"277",3,7,7,6,3,4,8,4,2,8,14,5,5,2,8,2,3,7,2,4,4,2,8,6,9,4,10,5
"278",4,6,5,6,7,5,6,5,2,6,12,9,6,3,5,4,4,9,2,5,7,4,6,6,10,7,6,3
"279",7,8,6,7,5,8,7,8,6,5,7,9,7,6,7,5,4,5,6,5,4,5,9,9,11,7,11,7
"280",3,2,5,1,4,2,6,4,8,2,3,8,6,6,7,8,10,0,7,6,1,9,9,11,8,7,11,5
"281",6,3,2,5,5,4,4,6,8,3,7,6,5,6,7,8,7,2,8,6,2,5,8,3,2,3,7,3
"282",8,7,6,9,7,7,9,8,6,3,8,8,8,6,7,5,7,7,6,3,6,4,10,10,9,9,9,6
"283",8,8,8,8,6,5,8,5,7,5,8,10,7,7,7,6,5,5,2,8,6,5,11,11,9,9,10,7
"284",8,5,8,7,7,6,7,5,6,5,9,6,7,6,6,7,6,9,2,2,5,3,6,9,7,10,11,8
"285",5,7,6,7,5,6,4,4,7,3,10,7,9,8,10,3,7,7,6,3,8,3,9,11,8,9,9,8
"286",6,8,5,6,8,5,8,4,7,3,6,9,7,8,7,3,7,6,4,4,5,8,11,10,10,8,14,6
"287",7,6,6,6,10,6,10,8,9,2,1,8,10,9,5,5,8,4,8,7,4,9,9,9,5,9,13,6
"288",5,9,7,8,7,5,8,9,9,2,3,8,10,8,4,7,10,2,7,9,3,9,9,10,7,8,13,6
"289",7,8,8,7,8,6,7,6,9,4,8,10,6,8,7,7,7,3,5,8,5,9,8,11,11,11,13,8
"290",8,8,7,8,7,5,7,7,5,7,3,7,7,5,4,5,8,0,7,8,3,7,12,9,10,6,11,2
"291",3,6,6,6,8,6,9,8,8,1,2,7,8,5,5,5,9,5,7,8,1,9,7,7,9,3,11,7
"292",5,4,6,4,4,2,5,7,9,2,8,10,7,6,8,6,10,4,7,5,4,9,8,11,6,7,13,4
"293",8,8,5,8,6,5,8,8,6,1,3,8,7,7,7,4,8,4,8,5,3,9,11,9,10,8,11,6
"294",7,8,7,6,6,3,6,7,6,5,4,9,7,7,5,4,7,4,8,6,4,8,9,10,10,9,12,7
"295",7,6,7,8,4,5,5,5,4,6,12,10,6,6,7,3,3,6,6,5,8,6,10,9,9,7,5,5
"296",5,3,4,2,4,3,7,8,6,3,1,12,10,4,4,9,7,0,9,7,3,9,5,8,3,5,11,6
"297",8,8,7,9,7,5,8,9,6,2,3,10,10,8,6,4,10,5,7,6,7,5,7,9,10,9,13,4
"298",8,9,9,10,9,6,8,8,7,2,4,9,8,6,8,3,7,7,6,4,7,6,10,10,9,11,12,4
"299",8,8,9,10,8,6,8,8,6,2,3,10,8,6,8,3,7,8,6,4,7,6,10,10,10,11,12,4
"300",8,6,6,5,6,5,7,8,3,3,4,6,7,6,11,8,9,8,7,6,3,8,7,10,6,6,12,7
"301",9,8,8,9,9,7,9,8,6,1,5,10,9,6,7,3,8,9,5,6,8,5,10,10,10,11,10,5
"302",4,5,7,2,4,7,5,2,10,1,2,10,7,6,7,7,10,0,8,8,0,9,5,9,9,6,13,7
"303",5,5,5,5,5,6,3,5,7,3,6,8,4,4,4,3,3,4,7,3,7,5,6,5,5,5,9,4
"304",7,5,6,4,5,5,8,9,7,3,2,10,9,7,5,6,7,3,8,7,4,5,5,9,6,9,11,8
"305",8,7,7,10,9,4,8,9,6,3,1,10,9,6,7,4,10,5,8,8,7,5,7,9,11,9,12,5
"306",8,7,7,5,5,5,6,7,3,3,5,6,8,6,11,8,9,8,6,6,3,7,8,10,6,6,12,7
"307",3,7,4,2,5,9,4,6,9,2,4,9,6,8,8,6,9,0,10,10,6,9,4,10,5,6,13,3
"308",5,5,5,2,5,5,7,4,8,2,2,8,6,6,9,5,8,2,7,8,4,7,11,10,10,6,10,5
"309",9,6,6,2,4,4,7,4,9,3,1,9,7,7,9,4,8,3,9,5,3,6,11,11,11,6,12,6
"310",6,7,7,5,5,4,10,4,6,9,8,7,4,3,4,6,8,3,9,5,3,9,9,12,11,6,10,6
"311",7,8,6,7,8,5,8,5,5,6,11,8,4,5,4,1,9,8,6,6,9,6,6,9,10,8,9,7
"312",8,6,6,9,6,7,8,4,7,8,12,6,3,4,8,2,8,6,5,4,8,1,9,8,8,6,8,6
"313",7,7,6,10,7,7,7,4,5,5,11,8,5,4,6,4,7,5,3,5,7,4,9,9,8,9,9,10
"314",8,6,6,9,6,7,6,4,4,6,10,7,5,5,6,3,8,6,5,5,7,5,10,8,8,7,10,8
"315",8,8,7,9,6,7,6,4,4,7,11,8,6,6,6,2,7,6,5,6,7,7,10,9,8,6,9,8
"316",4,7,5,3,4,7,7,5,3,4,11,6,2,3,7,4,4,8,7,6,6,7,6,8,5,8,7,4
"317",7,8,6,7,8,5,7,7,9,4,1,7,9,5,7,5,9,3,10,9,2,9,3,9,8,2,11,3
"318",3,4,3,6,4,3,5,3,7,4,9,7,5,4,7,4,8,1,5,7,3,8,10,10,8,7,11,5
"319",4,6,5,5,5,5,6,5,4,4,7,7,4,5,6,5,8,3,5,5,2,7,7,5,3,5,8,4
"320",4,7,6,4,7,2,5,6,4,4,7,6,7,4,8,3,6,6,7,6,3,6,5,8,10,7,12,5
"321",6,8,7,8,6,7,7,5,5,7,13,4,5,4,8,2,4,10,2,3,9,2,9,9,9,7,8,2
"322",4,5,3,6,5,7,8,3,6,4,10,5,3,5,5,3,4,6,5,3,3,7,7,4,4,5,9,3
"323",7,7,5,2,5,5,5,9,8,2,3,8,7,6,6,6,9,3,8,5,3,9,9,9,7,8,11,2
"324",4,6,7,4,4,6,1,5,4,5,3,8,7,4,5,6,7,5,8,5,3,10,8,10,6,9,11,5
"325",2,3,8,3,6,2,7,7,6,2,3,9,7,4,3,6,7,0,9,7,1,9,7,9,8,4,11,6
"326",7,6,6,2,7,7,7,6,2,4,2,8,9,7,7,6,9,4,9,7,3,8,6,10,7,8,10,5
"327",6,7,6,2,4,6,4,4,5,4,3,12,9,7,2,5,7,1,9,7,4,7,8,10,8,7,13,6
"328",8,7,1,6,6,6,6,5,7,4,6,6,5,8,5,4,8,2,8,5,3,7,6,7,7,5,8,3
"329",6,8,7,7,6,6,10,9,7,2,2,9,10,9,8,3,10,2,7,9,3,4,6,9,10,4,13,5
"330",7,8,9,7,6,5,10,6,5,4,5,8,9,6,5,5,10,4,5,9,4,4,7,9,10,6,10,6
"331",9,9,8,8,7,8,8,7,9,0,2,8,9,7,7,5,10,3,9,8,2,6,8,10,9,8,14,4
"332",4,6,7,2,6,6,2,4,9,1,4,10,7,7,8,5,9,1,8,7,7,7,7,11,7,7,14,5
"333",8,7,7,7,8,7,7,6,7,3,8,9,7,7,5,3,6,5,3,6,6,7,11,11,7,8,11,4
"334",1,5,5,8,2,4,1,0,8,6,8,9,4,8,9,6,8,2,7,2,4,8,8,10,9,6,13,6
"335",8,6,6,6,4,5,5,3,5,6,7,9,7,4,7,3,2,6,3,5,5,6,6,9,7,8,5,6
"336",3,3,3,5,4,2,2,4,8,3,3,4,6,8,8,3,8,6,5,4,6,7,11,11,7,9,11,5
"337",3,6,7,3,5,6,3,4,7,3,7,10,7,9,6,6,7,6,7,8,3,8,6,10,10,9,14,8
"338",8,8,5,7,9,6,9,7,7,2,6,8,6,6,7,4,7,6,7,5,6,8,8,10,9,11,11,8
"339",6,9,3,2,3,3,3,4,0,7,6,4,8,3,2,3,9,0,10,8,2,5,3,8,9,2,12,1
"340",8,9,9,9,7,5,7,7,6,6,2,7,8,9,8,5,7,4,6,10,4,8,4,8,11,7,12,8
"341",8,10,7,9,8,9,7,6,7,2,4,10,8,5,6,4,10,3,5,8,6,9,9,11,11,8,8,6
"342",8,8,6,4,5,7,6,5,8,1,7,9,3,6,7,3,8,8,4,3,4,7,7,9,8,6,11,2
"343",7,6,7,9,6,7,6,4,3,6,14,5,4,5,8,2,3,10,1,3,10,3,10,10,10,10,8,7
"344",8,6,6,10,3,9,7,5,2,8,8,6,4,4,9,3,9,7,6,6,3,6,11,11,11,10,11,5
"345",8,9,9,8,9,9,8,3,4,7,3,7,4,9,6,5,8,4,8,4,3,4,7,11,11,8,14,7
"346",8,5,6,9,6,4,8,6,4,5,9,5,7,5,8,3,6,10,2,4,8,5,10,10,10,10,10,4
"347",8,9,7,5,7,9,1,6,7,1,4,12,7,7,4,5,10,3,8,8,1,10,7,10,8,5,13,9
"348",6,7,6,3,5,7,4,7,8,5,1,9,7,9,4,3,9,0,9,9,5,9,7,11,8,4,12,5
"349",10,8,3,4,2,6,5,4,2,5,4,6,5,2,8,6,4,5,4,4,6,7,2,11,7,7,10,4
"350",6,7,7,9,7,8,7,3,5,5,13,6,4,5,9,2,4,10,2,3,9,3,9,10,9,10,9,7
"351",5,2,8,5,7,4,5,1,3,7,8,8,5,4,7,8,9,1,10,6,2,10,8,10,11,6,11,9
"352",10,10,7,10,2,6,8,8,2,9,6,6,3,2,9,2,4,6,7,9,7,7,10,12,10,9,9,5
"353",7,7,7,9,7,8,5,6,5,5,12,6,4,6,8,3,4,10,3,3,10,3,10,10,9,10,8,7
"354",7,6,7,8,8,7,7,4,5,7,13,6,4,6,7,2,3,10,2,3,10,2,10,10,9,10,8,7
"355",7,6,7,9,6,6,6,5,5,6,12,7,4,6,6,2,4,10,1,3,8,3,10,10,10,10,8,6
"356",6,2,5,2,3,5,6,6,4,5,8,7,6,7,6,7,6,6,7,5,3,4,6,6,3,3,5,3
"357",4,4,3,4,4,6,3,3,7,5,6,9,5,7,7,2,6,5,4,6,4,5,7,8,6,3,12,6
"358",8,8,8,6,9,6,8,6,5,8,4,10,6,7,8,3,10,5,8,7,3,9,9,11,11,6,12,7
"359",10,10,8,10,9,6,10,6,9,3,0,12,10,8,5,7,9,0,9,9,3,10,5,10,9,6,14,7
"360",9,10,8,4,9,8,3,3,6,6,6,10,3,6,8,4,8,1,8,10,2,8,4,11,10,6,14,9
"361",5,9,7,5,6,5,9,6,8,3,2,6,7,8,3,3,8,3,9,8,2,8,3,10,10,5,10,8
"362",2,8,6,2,4,5,3,2,2,7,9,7,5,5,7,5,6,1,8,9,2,10,4,8,10,2,13,2
"363",8,9,7,5,5,4,10,5,6,5,1,9,9,4,2,7,9,0,9,10,3,10,4,10,11,3,13,6
"364",9,8,8,5,9,9,5,3,5,6,2,7,7,6,7,5,9,7,7,9,9,3,6,8,4,5,9,4
"365",9,8,6,9,8,6,8,9,8,1,7,8,6,8,8,4,10,6,6,3,7,8,11,11,10,11,10,5
"366",7,5,7,9,6,7,4,7,6,6,11,9,3,4,4,4,4,8,2,3,8,1,10,8,9,8,7,4
"367",2,7,8,5,7,5,6,4,6,5,10,8,5,7,4,4,6,5,4,4,4,7,3,7,7,5,7,3
"368",4,4,5,5,9,5,6,5,3,5,10,7,3,7,4,7,6,5,5,3,5,6,8,8,4,7,6,5
"369",6,5,7,7,4,9,6,6,5,5,11,11,7,5,9,2,6,6,4,4,8,4,11,10,10,11,10,5
"370",2,4,7,4,7,8,1,2,10,1,5,11,5,10,7,6,7,2,7,2,7,9,8,11,9,10,14,9
"371",3,3,2,8,6,3,8,2,8,2,5,7,3,6,6,7,7,3,9,4,3,9,10,9,9,10,13,8
"372",2,6,5,5,5,3,6,6,8,6,9,6,3,2,5,6,7,4,4,4,3,4,7,5,5,7,8,5
"373",9,9,8,5,10,7,10,7,7,2,2,6,8,10,8,5,10,4,3,8,3,1,6,11,7,5,12,6
"374",5,9,4,6,6,2,5,4,5,4,9,9,4,6,8,4,6,7,6,6,7,5,9,9,5,7,9,6
"375",5,6,4,8,4,6,5,6,5,6,10,7,3,3,9,3,4,8,3,6,5,7,9,6,8,9,5,3
"376",4,6,5,8,7,5,6,4,8,3,10,5,4,3,8,3,4,8,5,6,7,3,7,7,7,6,8,4
"377",7,7,7,8,8,5,5,7,8,6,11,6,5,7,7,2,4,8,4,4,7,4,8,11,7,8,9,7
"378",6,7,6,8,4,4,6,6,9,5,6,7,6,5,3,4,6,7,8,4,6,5,7,7,11,6,7,6
"379",9,9,10,6,9,4,8,7,7,3,2,10,5,9,7,8,8,0,9,10,3,10,9,9,10,9,12,9
"380",9,6,8,7,7,7,9,9,9,0,2,11,8,8,5,7,10,1,6,8,4,9,10,7,9,7,14,6
"381",6,4,5,3,5,6,4,4,7,4,6,7,5,5,5,6,8,6,5,7,5,6,7,7,6,8,7,6
"382",6,9,3,5,4,7,8,5,5,8,6,7,6,6,7,4,7,1,5,6,4,9,7,9,11,6,13,6
"383",3,4,1,0,3,3,5,5,6,5,7,9,6,9,5,3,10,2,7,10,3,8,9,6,6,7,12,3
"384",7,8,8,4,6,3,5,6,9,0,2,7,8,9,5,7,10,0,9,6,2,8,12,10,7,8,13,7
"385",5,5,5,4,4,6,5,4,6,5,10,9,6,3,7,5,6,4,5,3,6,5,9,9,8,4,8,6
"386",9,10,8,4,7,7,7,6,3,7,10,5,3,0,10,2,3,1,9,5,3,4,2,10,9,1,11,6
"387",6,8,9,6,7,5,0,3,8,7,8,7,3,5,10,4,10,1,7,9,6,9,8,12,7,9,11,8
"388",8,9,7,7,10,5,9,9,5,6,6,9,7,4,3,4,9,1,8,9,6,9,2,8,11,6,12,4
"389",5,8,5,3,8,8,6,2,5,6,9,5,2,5,11,6,7,9,2,6,8,3,7,10,10,8,12,7
"390",4,5,5,6,4,4,6,6,5,4,7,6,5,3,2,4,5,1,3,4,4,4,8,5,8,6,8,3
"391",6,6,7,8,5,2,4,3,5,4,6,7,7,4,8,3,6,6,4,10,7,3,4,5,9,5,9,6
"392",1,5,5,4,3,4,8,5,5,7,8,8,3,6,8,7,6,6,5,4,3,7,10,7,8,8,9,2
"393",5,3,5,6,5,3,4,6,5,6,9,8,6,4,6,4,7,5,3,5,3,4,8,5,5,5,5,3
"394",7,5,5,6,5,3,9,5,5,4,12,4,4,3,7,2,4,6,1,6,7,3,10,6,7,7,4,2
"395",8,6,8,3,8,6,7,4,4,6,6,4,8,6,6,6,7,6,8,8,2,9,4,9,8,5,12,7
"396",6,4,8,1,7,5,4,4,6,2,7,12,7,7,4,4,9,2,9,3,1,10,10,12,11,9,13,10
"397",3,6,3,5,5,4,6,4,5,9,7,3,7,4,4,8,7,4,6,7,1,7,8,7,5,2,9,4
"398",3,4,7,6,4,4,5,3,6,8,9,5,5,3,6,4,8,5,9,4,6,3,7,5,6,5,10,6
"399",5,5,6,3,4,4,5,4,5,7,10,8,8,8,6,8,5,6,7,5,4,5,9,9,7,6,8,4
"400",4,4,3,1,2,2,1,5,6,4,5,8,3,5,3,2,9,5,8,8,3,7,2,8,4,5,7,2
"401",4,3,3,2,4,2,5,5,8,2,7,8,6,4,0,7,7,1,9,6,2,9,5,7,5,4,11,5
"402",2,1,9,2,6,5,3,4,4,4,9,8,8,5,5,5,4,5,7,4,5,6,8,7,5,4,8,4
"403",5,6,2,3,5,3,5,5,8,0,3,8,9,4,3,5,8,1,9,7,1,7,6,6,5,2,10,3
"404",7,7,6,4,4,6,7,5,4,5,12,6,5,7,6,7,5,6,5,8,7,3,8,7,5,8,6,8
"405",6,5,7,5,5,4,5,8,6,7,10,4,6,6,8,4,3,6,4,6,7,4,9,6,8,3,6,4
"406",3,3,4,1,3,5,3,6,6,3,3,7,6,7,3,6,7,0,9,6,2,9,7,5,3,2,8,3
"407",4,3,4,3,3,2,5,4,5,3,6,9,8,7,2,6,9,2,10,6,1,9,6,7,2,5,10,4
"408",5,5,5,6,7,7,5,8,3,6,8,5,5,6,6,4,3,6,5,5,4,4,9,8,8,6,7,3
"409",2,7,5,5,5,7,8,7,4,5,10,7,2,4,5,5,7,6,3,3,7,7,8,7,5,5,9,5
"410",5,5,6,7,8,6,2,7,6,5,12,5,6,6,5,3,4,7,3,5,4,4,8,5,7,5,8,6
"411",6,6,4,6,6,3,5,4,3,4,12,7,5,5,8,3,5,8,6,6,6,4,11,10,6,4,7,4
"412",4,5,5,6,5,6,7,6,7,3,5,10,8,3,8,1,5,4,5,6,5,8,8,4,5,6,6,6
"413",6,7,8,5,3,5,5,5,5,8,10,3,4,5,6,4,5,6,2,6,6,6,8,5,6,5,6,5
"414",5,3,6,5,5,5,7,4,7,6,10,4,7,4,5,5,4,4,4,7,6,3,7,3,5,3,10,9
"415",6,4,5,5,6,4,4,4,2,5,11,7,4,6,4,2,5,6,4,5,6,6,10,8,7,5,7,4
"416",4,3,6,5,6,6,4,3,6,4,13,6,6,7,9,3,4,7,4,7,4,8,8,6,6,8,6,2
"417",7,8,5,10,7,4,6,4,7,7,3,7,5,6,8,4,8,2,5,3,6,5,7,10,8,8,11,6
"418",4,5,5,6,4,5,4,5,5,5,9,9,3,5,5,7,3,8,4,6,5,5,8,7,9,4,7,4
"419",2,5,8,5,7,6,6,4,4,6,12,4,6,7,3,3,3,6,6,7,6,6,7,7,6,4,9,6
"420",4,7,6,4,7,4,6,5,4,6,11,5,5,10,6,5,4,5,4,5,3,6,8,6,6,6,7,3
"421",6,5,5,6,5,5,6,4,4,5,8,4,6,6,4,6,6,6,4,5,5,5,8,8,5,6,4,3
"422",3,5,6,5,4,6,3,7,1,6,9,7,3,4,5,3,4,6,5,2,8,3,9,9,7,4,6,5
"423",4,6,6,7,4,7,5,6,5,6,10,6,7,2,6,6,2,6,8,6,3,4,10,9,7,8,6,6
"424",7,5,3,2,6,4,4,4,2,4,11,3,5,4,6,5,4,6,4,8,3,7,8,5,7,3,6,3
"425",6,5,5,5,9,6,5,4,5,6,13,6,5,7,8,4,3,4,6,3,8,5,10,8,7,6,8,3
"426",6,5,6,5,4,6,2,7,3,5,9,7,8,5,7,1,6,7,4,6,5,3,9,8,7,4,5,2
"427",5,6,5,8,5,6,3,5,5,3,11,8,4,6,6,3,5,6,4,5,7,5,8,6,6,8,6,7
"428",6,5,7,8,7,8,6,4,5,7,12,7,5,5,4,3,3,8,1,4,9,2,10,7,10,10,7,5
"429",9,8,7,9,8,9,5,7,7,1,4,7,8,6,5,6,8,8,9,7,7,5,11,11,11,10,9,3
"430",7,5,8,9,6,8,5,3,5,7,11,6,5,5,6,2,3,9,2,4,10,2,9,9,9,9,9,7
"431",6,6,8,9,7,7,6,5,5,6,12,5,5,5,7,2,2,9,2,5,10,2,7,9,7,9,9,8
"432",5,7,5,9,6,6,7,5,4,7,12,7,6,6,9,5,2,7,1,3,9,2,8,7,9,11,8,6
"433",4,3,5,2,3,2,3,5,6,3,6,9,4,8,3,4,7,1,9,6,0,8,9,9,6,4,10,8
"434",9,8,7,8,7,8,8,7,5,4,8,10,5,4,5,4,8,4,5,7,7,3,11,10,10,10,9,4
"435",4,2,3,4,2,5,3,5,4,2,7,8,6,6,4,5,7,2,6,6,1,6,6,6,7,1,9,6
"436",7,6,10,9,8,6,8,6,8,4,2,8,9,7,2,6,8,1,9,8,6,9,9,9,11,8,12,5
"437",3,5,3,4,7,4,5,4,7,4,6,5,3,4,2,6,5,5,6,5,4,6,9,5,4,6,6,6
"438",4,5,6,3,5,5,4,8,5,5,13,7,4,6,6,2,7,8,4,5,7,3,8,8,9,8,9,5
"439",7,6,6,7,6,7,5,4,5,5,7,7,7,6,7,3,6,7,4,3,7,5,11,10,10,8,7,9
"440",8,5,8,9,8,6,10,8,10,0,1,11,10,9,6,5,10,4,9,3,4,9,11,7,10,9,13,6
"441",5,6,5,8,7,6,6,6,6,6,12,7,4,4,5,4,5,8,2,4,6,3,9,9,7,9,9,5
"442",6,6,6,3,7,8,5,4,9,3,7,11,9,9,5,5,9,4,9,9,6,9,11,9,10,10,12,6
"443",9,7,8,5,6,6,8,8,9,1,1,11,8,8,6,2,9,3,9,10,3,10,10,6,9,8,14,7
"444",4,7,8,8,8,6,6,4,5,5,12,9,3,4,6,3,5,7,3,3,8,4,8,7,7,8,7,5
"445",5,6,9,8,3,6,7,8,7,2,6,9,8,7,5,4,6,1,5,6,8,6,8,6,5,6,9,7
"446",8,6,9,4,7,9,8,6,8,2,0,10,8,7,5,5,7,4,10,7,5,9,9,7,10,4,11,5
"447",9,9,10,9,9,6,9,10,10,3,1,7,9,5,6,10,8,1,8,9,4,9,4,7,9,4,12,6
"448",5,9,6,6,8,9,3,7,9,5,8,8,6,5,7,5,7,7,3,5,6,7,5,11,9,7,10,6
"449",7,8,4,4,4,4,7,5,7,5,2,5,6,5,4,3,5,4,7,7,4,6,8,10,8,4,12,8
"450",9,8,9,6,9,7,9,7,9,2,3,11,7,6,3,4,5,4,7,9,5,6,10,10,11,8,13,8
"451",6,7,9,8,5,5,6,4,8,0,7,8,3,5,8,4,6,3,7,5,5,6,8,12,7,5,12,8
"452",5,6,5,1,5,6,7,4,4,9,10,7,6,3,3,3,3,2,8,5,8,7,9,8,6,7,11,8
"453",7,7,8,10,6,9,7,5,7,5,8,10,8,5,8,4,6,9,5,3,4,7,11,10,9,8,8,5
"454",5,6,6,8,4,8,3,6,6,2,10,8,6,5,6,3,7,5,5,7,6,4,7,9,7,7,10,4
"455",8,7,4,8,3,5,6,6,8,3,3,5,7,8,5,5,7,1,10,7,3,7,3,9,5,4,9,3
"456",2,7,6,1,7,9,4,1,7,5,9,5,1,7,6,5,9,1,7,9,4,9,8,12,8,5,11,8
"457",8,7,8,6,7,6,10,7,4,4,5,4,5,3,5,5,9,0,10,10,3,8,4,10,10,5,9,0
"458",10,10,7,8,7,5,8,7,2,6,1,7,10,5,3,5,9,0,6,9,4,7,2,8,7,6,10,6
"459",3,6,3,8,4,3,2,3,6,6,12,7,4,4,6,5,4,4,4,7,6,6,4,5,5,6,7,6
"460",8,9,7,3,10,8,4,8,8,1,2,9,10,6,4,9,9,1,10,10,3,9,7,10,10,8,12,6
"461",7,7,5,4,5,2,4,4,6,5,4,7,2,4,8,3,5,4,6,4,4,9,6,9,9,7,10,3
"462",7,7,4,5,6,4,6,6,4,2,7,10,7,7,6,9,8,3,10,7,3,7,5,8,5,3,10,4
"463",7,5,7,2,6,4,5,5,10,1,1,9,7,10,3,5,9,2,9,6,5,9,6,10,11,6,12,7
"464",6,9,9,2,5,7,4,2,9,2,4,8,1,4,4,8,9,0,9,7,1,9,8,10,11,4,13,7
"465",8,9,6,9,5,6,9,6,4,6,5,7,6,6,5,7,5,5,8,10,4,7,7,7,10,4,12,3
"466",10,10,9,5,6,9,6,6,9,4,0,9,8,5,3,4,10,1,8,8,4,10,9,11,7,6,11,5
"467",5,7,8,6,6,4,9,7,4,4,9,6,1,4,7,3,7,4,7,3,4,5,6,4,6,6,9,3
"468",4,5,7,7,4,9,7,5,6,2,13,6,7,6,9,2,3,6,6,3,4,6,10,2,6,7,6,7
"469",6,9,6,10,7,5,8,8,8,4,0,9,8,6,8,5,8,0,10,9,2,10,4,9,9,6,12,3
"470",6,7,7,9,5,7,7,4,5,6,13,8,5,5,6,5,3,8,3,4,9,4,11,9,7,9,7,8
"471",8,5,6,5,6,7,5,3,5,3,9,7,5,8,5,3,5,4,6,5,4,6,7,5,3,6,9,6
"472",6,10,8,3,7,10,3,3,7,3,1,7,8,6,1,9,10,1,10,9,6,10,11,7,10,3,12,7
"473",4,4,3,3,3,6,4,3,6,4,11,8,6,8,6,6,6,5,8,6,2,3,3,9,5,5,9,5
"474",3,5,7,4,6,7,4,3,9,4,7,7,5,10,9,5,7,0,7,6,6,8,6,11,7,9,13,3
"475",3,6,5,2,6,7,4,6,7,4,7,5,6,6,5,7,8,2,9,6,3,7,9,8,6,7,12,5
"476",7,5,7,5,7,6,4,5,6,1,4,8,7,9,5,8,8,1,6,8,3,7,5,8,10,7,12,6
"477",7,8,5,7,7,7,8,8,9,3,0,9,10,8,5,6,10,0,8,7,4,10,5,10,8,3,12,6
"478",5,7,6,8,7,7,4,4,7,7,8,9,6,6,8,6,2,6,5,5,8,4,11,7,8,6,8,5
"479",7,10,6,4,7,8,5,8,10,3,4,8,6,7,7,7,8,3,8,10,5,10,7,11,9,7,13,7
"480",3,6,6,5,5,6,3,7,7,3,6,7,4,7,4,3,6,7,7,7,5,6,10,9,5,4,9,4
"481",7,5,6,6,7,4,7,4,6,2,3,7,7,6,7,5,8,5,9,5,7,8,7,9,7,4,11,5
"482",7,6,7,7,8,6,7,2,6,7,8,10,6,5,6,6,8,3,4,4,5,5,8,12,11,5,11,7
"483",3,5,6,4,5,4,3,5,6,7,10,8,2,5,5,4,3,7,4,3,7,5,10,8,6,5,5,5
"484",4,4,6,7,7,7,5,6,7,7,8,6,3,4,5,3,4,6,4,3,8,7,9,10,6,8,12,6
"485",6,3,4,9,4,4,6,4,5,4,6,5,5,8,4,3,8,6,8,4,6,5,7,6,7,3,12,5
"486",3,5,7,2,7,7,0,2,9,2,3,7,8,5,7,1,8,2,6,8,6,10,3,12,9,7,13,8
"487",4,6,4,3,5,4,6,7,5,5,2,9,6,2,5,5,6,0,10,7,1,10,6,10,7,6,11,6
"488",6,4,6,4,4,7,1,2,6,6,2,6,7,5,5,7,8,4,8,5,5,9,5,8,9,10,13,2
"489",6,7,7,3,6,7,5,5,7,1,6,9,9,6,5,4,7,4,7,5,7,7,8,8,8,8,11,9
"490",4,5,5,5,4,6,9,8,3,9,10,5,5,3,3,1,5,9,1,2,2,0,11,8,8,7,6,8
"491",7,5,5,1,7,4,4,5,8,4,8,9,5,7,5,4,7,3,7,5,4,7,7,7,8,6,11,9
"492",6,5,2,2,8,4,2,5,7,3,1,9,7,6,1,8,8,0,8,10,4,9,5,10,9,5,13,7
"493",5,4,6,6,6,6,7,6,6,4,9,8,3,5,7,2,5,5,3,7,6,4,8,8,6,6,6,6
"494",7,9,10,9,6,9,8,6,7,5,2,9,6,2,9,7,8,6,8,6,4,6,8,10,9,8,12,8
"495",6,4,7,3,4,5,3,3,8,6,6,6,9,8,7,4,8,5,7,5,5,9,2,11,8,7,12,2
"496",4,6,5,4,6,2,5,4,8,5,12,8,3,5,8,6,3,4,4,6,7,3,7,6,6,7,9,2
"497",7,5,7,2,9,4,5,6,6,5,6,8,3,6,5,6,9,5,7,10,2,9,5,10,9,2,13,7
"498",4,5,5,5,5,5,5,5,3,5,8,7,3,6,6,3,7,7,8,6,7,7,9,6,6,6,9,6
"499",6,6,6,7,5,4,4,4,5,5,8,7,2,6,9,4,6,4,4,7,6,6,4,3,6,6,10,4
"500",7,3,8,5,6,3,6,6,2,6,11,4,6,8,8,4,7,5,3,5,4,3,10,7,7,5,5,3
"501",5,4,4,0,5,3,4,5,9,3,6,9,7,8,6,6,10,0,7,8,0,10,6,9,7,6,13,5
"502",10,7,9,9,10,4,10,7,6,3,1,9,8,5,5,7,10,4,8,8,2,9,5,11,11,2,12,2
"503",9,10,7,4,9,7,2,3,5,5,4,7,7,9,6,2,3,3,10,10,4,8,5,10,7,4,13,8
"504",8,7,6,2,6,8,2,4,1,8,9,8,7,1,3,6,7,1,10,7,5,10,6,12,6,4,10,5
"505",8,8,8,5,7,6,3,2,3,6,5,8,8,4,6,6,8,1,8,9,3,6,0,9,7,5,10,5
"506",3,6,3,4,5,3,1,3,3,5,10,6,4,3,5,4,8,6,6,2,3,8,5,8,5,3,9,4
"507",9,6,6,6,3,6,3,1,0,9,8,6,5,0,9,4,3,4,7,7,8,7,1,11,8,3,6,9
"508",10,9,8,9,9,7,8,10,9,1,2,10,9,9,5,7,8,3,6,10,3,10,5,12,10,6,13,4
"509",6,7,8,8,6,5,7,3,5,7,6,7,4,6,3,4,5,3,7,8,5,8,8,9,9,8,9,8
"510",8,8,4,3,5,3,2,4,5,4,3,10,9,4,2,10,7,1,9,9,2,9,5,8,10,4,10,6
"511",8,9,4,5,6,8,6,9,8,5,2,8,5,6,4,6,7,4,7,9,3,9,10,10,9,6,12,6
"512",5,7,6,5,2,8,5,7,9,1,1,9,10,6,5,8,9,0,10,8,1,10,4,9,7,4,13,4
"513",7,9,9,2,9,6,2,3,8,3,4,10,7,7,2,5,9,1,8,8,4,10,4,11,9,7,12,7
"514",4,8,7,0,2,3,3,6,7,4,9,7,4,6,8,5,8,5,10,10,3,8,9,10,8,4,13,8
"515",10,9,8,4,10,9,4,6,7,3,3,9,6,8,5,6,6,3,7,9,8,9,6,8,9,4,11,6
"516",6,6,3,1,3,3,3,2,7,2,9,7,6,3,5,5,8,2,4,5,1,10,9,9,8,7,11,4
"517",6,3,4,1,3,2,4,4,5,5,9,8,7,2,4,4,6,7,7,5,4,6,8,11,7,8,11,5
"518",6,10,6,6,4,4,5,9,9,2,0,10,8,6,4,4,10,0,10,10,2,9,6,8,10,5,13,6
"519",5,2,6,2,3,6,1,1,1,10,10,7,5,0,3,5,7,2,8,5,5,10,2,10,6,4,7,6
"520",4,6,5,5,7,5,8,6,5,6,10,8,7,5,7,6,6,6,4,5,2,7,8,9,6,10,7,6
"521",8,8,6,6,6,6,5,5,3,4,7,8,7,4,8,4,6,2,9,8,7,6,3,11,9,2,12,3
"522",5,9,7,2,8,9,3,0,7,7,11,7,5,4,9,3,8,1,8,8,2,9,5,11,10,8,13,8
"523",4,5,6,7,6,5,5,5,8,7,8,5,7,4,6,3,4,6,4,6,3,4,6,7,6,5,9,4
"524",6,7,6,4,9,6,3,6,8,2,3,10,9,4,3,8,9,0,9,9,6,10,8,7,8,4,11,7
"525",8,8,5,4,8,10,9,9,9,1,0,10,9,8,5,8,10,0,10,9,3,10,6,8,8,5,12,6
"526",5,8,6,4,6,6,0,2,9,8,1,7,1,8,8,4,7,1,7,8,9,8,8,11,6,9,11,9
"527",5,7,7,5,7,2,6,3,8,4,2,10,6,9,6,3,7,2,7,5,3,8,6,8,8,6,12,10
"528",5,5,4,1,4,4,8,2,2,9,11,6,4,3,7,5,7,6,6,9,4,6,9,10,9,5,12,9
"529",3,6,5,0,3,6,2,2,5,5,8,7,2,5,7,4,7,2,6,8,4,8,5,8,7,7,13,5
"530",3,6,3,3,3,3,4,4,7,1,4,9,7,6,2,2,8,0,9,5,3,8,6,11,8,2,14,5
"531",6,6,5,4,5,4,9,5,3,2,6,7,5,3,5,4,5,2,7,6,0,7,6,6,7,4,10,4
"532",7,9,6,4,9,6,7,4,4,5,4,9,4,4,2,7,8,1,9,6,4,9,5,7,7,3,10,8
"533",7,9,7,2,8,3,1,4,10,3,8,10,7,6,6,6,9,1,6,9,3,8,9,12,8,6,13,8
"534",7,5,7,7,7,4,8,5,8,4,7,6,5,5,2,3,6,5,6,4,7,7,12,6,4,7,9,6
"535",6,5,5,7,4,3,7,6,6,4,12,7,2,6,9,6,0,6,4,4,6,3,6,7,8,7,9,6
"536",3,7,6,4,3,4,5,3,1,9,7,5,8,2,7,1,7,4,8,6,5,9,7,10,9,6,11,4
"537",5,6,9,2,8,9,2,0,10,6,2,5,4,8,7,6,8,5,5,7,4,9,7,12,8,8,14,7
